id,document_id,method,cache,cache_hit,end_to_end_seconds,api_latency_seconds,finish_reason
library-first,doc-9dac46f9b8c8,full,none,False,0.6980046999997285,0.6975386000003709,end_turn
library-repeat,doc-9dac46f9b8c8,full,none,False,0.7007286999996722,0.7006106999997428,end_turn
library-paraphrase,doc-9dac46f9b8c8,full,none,False,0.7573568999996496,0.7572318000002269,end_turn
library-hard,doc-9dac46f9b8c8,full,none,False,0.7839517000002161,0.7838345000000118,end_turn
scholarship-first,doc-7d8b601a9f9e,full,none,False,0.8696655000003375,0.8695458000001963,end_turn
scholarship-repeat,doc-7d8b601a9f9e,full,none,False,0.7798572000001514,0.7797392000002219,end_turn
scholarship-paraphrase,doc-7d8b601a9f9e,full,none,False,0.7197443999993993,0.7196359999998094,end_turn
scholarship-hard,doc-7d8b601a9f9e,full,none,False,0.5911719000005178,0.5910603000002084,end_turn
lab-first,doc-cdc49e40dd85,full,none,False,0.9738135999996302,0.973718899999767,end_turn
lab-repeat,doc-cdc49e40dd85,full,none,False,0.675279899999623,0.6751844999998866,end_turn
lab-paraphrase,doc-cdc49e40dd85,full,none,False,0.7514662000003227,0.7513732999996137,end_turn
lab-hard,doc-cdc49e40dd85,full,none,False,0.7534845999998652,0.7533867000001919,end_turn
gpu-first,doc-23a0ad4cb0d2,full,none,False,0.6750860000001921,0.6749810999999681,end_turn
gpu-repeat,doc-23a0ad4cb0d2,full,none,False,0.6514164999998684,0.6513149000002159,end_turn
gpu-paraphrase,doc-23a0ad4cb0d2,full,none,False,0.8225836000001436,0.8224913000003653,end_turn
gpu-hard,doc-23a0ad4cb0d2,full,none,False,0.8671918000000005,0.8671007000002646,end_turn
bus-first,doc-72e296e8ac9f,full,none,False,0.6513592000001154,0.6512630999995963,end_turn
bus-repeat,doc-72e296e8ac9f,full,none,False,0.532248399999844,0.5321360999996614,end_turn
bus-paraphrase,doc-72e296e8ac9f,full,none,False,0.5950822000004337,0.5949789999995119,end_turn
bus-hard,doc-72e296e8ac9f,full,none,False,0.6836599999996906,0.6835266000007323,end_turn
exam-first,doc-a15ac87842af,full,none,False,0.777066200000263,0.7769730999998501,end_turn
exam-repeat,doc-a15ac87842af,full,none,False,1.0388966999998956,1.0387279000005947,end_turn
exam-paraphrase,doc-a15ac87842af,full,none,False,0.8561255000004167,0.856015600000319,end_turn
exam-hard,doc-a15ac87842af,full,none,False,1.0327149000004283,1.032611800000268,end_turn
storage-first,doc-2ce88964ff5e,full,none,False,0.8799962999992204,0.8798922999994829,end_turn
storage-repeat,doc-2ce88964ff5e,full,none,False,0.7871920000006867,0.7870850999997856,end_turn
storage-paraphrase,doc-2ce88964ff5e,full,none,False,0.9125954000001002,0.9124862999997276,end_turn
storage-hard,doc-2ce88964ff5e,full,none,False,0.6232985999995435,0.6232013999997434,end_turn
meeting-first,doc-48249e565804,full,none,False,0.7149206000003687,0.7147984000002907,end_turn
meeting-repeat,doc-48249e565804,full,none,False,0.5477684000006775,0.5476221999997506,end_turn
meeting-paraphrase,doc-48249e565804,full,none,False,0.7324303000004875,0.7323264999995445,end_turn
meeting-hard,doc-48249e565804,full,none,False,0.4919392000001608,0.4918137000004208,end_turn
library-updated,doc-60cccaec2746,full,none,False,0.998330000000351,0.998225100000127,end_turn
multihop,doc-36b725ecdead,full,none,False,0.7991145000005417,0.7990194999993037,end_turn
lab_booking-first,doc-eb8e54e42572,full,none,False,0.9619628999998895,0.9618680999992648,end_turn
lab_booking-repeat,doc-eb8e54e42572,full,none,False,0.9039424000002327,0.9038494000005812,end_turn
lab_booking-paraphrase,doc-eb8e54e42572,full,none,False,0.940236499999628,0.9401430999996592,end_turn
lab_booking-hard,doc-eb8e54e42572,full,none,False,0.8181094000001394,0.8180156000007628,end_turn
scholarship_rules-first,doc-37be5b922c6e,full,none,False,0.9560369999999239,0.9559417999998914,end_turn
scholarship_rules-repeat,doc-37be5b922c6e,full,none,False,0.9318683999999848,0.9317477000004146,end_turn
scholarship_rules-paraphrase,doc-37be5b922c6e,full,none,False,0.6630612999997538,0.6629620000003342,end_turn
scholarship_rules-hard,doc-37be5b922c6e,full,none,False,0.7025748999994903,0.7024820000006002,end_turn
data_storage-first,doc-447b8429c1a7,full,none,False,0.5325120999996216,0.5324059000004127,end_turn
data_storage-repeat,doc-447b8429c1a7,full,none,False,1.1637256000003617,1.1636305000001812,end_turn
data_storage-paraphrase,doc-447b8429c1a7,full,none,False,0.7880310000000463,0.7879245000003721,end_turn
data_storage-hard,doc-447b8429c1a7,full,none,False,0.7655095000000074,0.7654071999995722,end_turn
campus_shuttle-first,doc-f5376581cbb6,full,none,False,1.6054797999995571,1.6053778999994393,max_tokens
campus_shuttle-repeat,doc-f5376581cbb6,full,none,False,1.8104382000001351,1.8102007999996204,max_tokens
campus_shuttle-paraphrase,doc-f5376581cbb6,full,none,False,0.7723130999993373,0.7722004999995988,end_turn
campus_shuttle-hard,doc-f5376581cbb6,full,none,False,1.7671983000000182,1.767087399999582,max_tokens
library_loans-first,doc-9956ff3ce6a7,full,none,False,0.579657600000246,0.5795455999996193,end_turn
library_loans-repeat,doc-9956ff3ce6a7,full,none,False,0.7666635999994469,0.766545500000575,end_turn
library_loans-paraphrase,doc-9956ff3ce6a7,full,none,False,1.9254327999997258,1.9253281000001152,max_tokens
library_loans-hard,doc-9956ff3ce6a7,full,none,False,0.9095666000002893,0.9094576000006782,end_turn
exam_policy-first,doc-690bc59a69e8,full,none,False,0.6516943999995419,0.651579600000332,end_turn
exam_policy-repeat,doc-690bc59a69e8,full,none,False,0.8876516999998785,0.8875516999996762,end_turn
exam_policy-paraphrase,doc-690bc59a69e8,full,none,False,0.8344364999993559,0.8343273000000409,end_turn
exam_policy-hard,doc-690bc59a69e8,full,none,False,1.3030542999995305,1.3029484999997294,end_turn
travel_reimbursement-first,doc-cedefe620388,full,none,False,1.0187443999993775,1.0186469000000216,end_turn
travel_reimbursement-repeat,doc-cedefe620388,full,none,False,1.0374718000002758,1.037333199999921,end_turn
travel_reimbursement-paraphrase,doc-cedefe620388,full,none,False,0.7413419999993494,0.7412337999994634,end_turn
travel_reimbursement-hard,doc-cedefe620388,full,none,False,0.8708197000005384,0.8707174999999552,end_turn
lab_safety-first,doc-d275d75353ff,full,none,False,0.8800566999998409,0.8799436999997852,end_turn
lab_safety-repeat,doc-d275d75353ff,full,none,False,1.0574163000001136,1.0573236999998699,end_turn
lab_safety-paraphrase,doc-d275d75353ff,full,none,False,0.960906100000102,0.9608133000001544,end_turn
lab_safety-hard,doc-d275d75353ff,full,none,False,0.6001253999993423,0.600028800000473,end_turn
campus_clinic-first,doc-cc1a94bcbb79,full,none,False,0.8400675000002593,0.8399712000000363,end_turn
campus_clinic-repeat,doc-cc1a94bcbb79,full,none,False,0.6163480000004711,0.6162516000003961,end_turn
campus_clinic-paraphrase,doc-cc1a94bcbb79,full,none,False,0.8151223999993817,0.8150280999998358,end_turn
campus_clinic-hard,doc-cc1a94bcbb79,full,none,False,0.7194322999994256,0.7193280000001323,end_turn
conference_support-first,doc-1bc78ec965c4,full,none,False,1.2403783999998268,1.2402720000000045,end_turn
conference_support-repeat,doc-1bc78ec965c4,full,none,False,0.8268764000004012,0.826782799999819,end_turn
conference_support-paraphrase,doc-1bc78ec965c4,full,none,False,0.8417022000003271,0.8416076000003159,end_turn
conference_support-hard,doc-1bc78ec965c4,full,none,False,0.6865840999998909,0.6864820000000691,end_turn
library-first,doc-9dac46f9b8c8,head,none,False,0.8586843000002773,0.8572815999996237,end_turn
library-repeat,doc-9dac46f9b8c8,head,none,False,0.7593695000005027,0.7590512999995553,end_turn
library-paraphrase,doc-9dac46f9b8c8,head,none,False,0.7820897999999943,0.781796199999917,end_turn
library-hard,doc-9dac46f9b8c8,head,none,False,1.0821031999994375,1.0817440000000715,end_turn
scholarship-first,doc-7d8b601a9f9e,head,none,False,0.778960100000404,0.778613100000257,end_turn
scholarship-repeat,doc-7d8b601a9f9e,head,none,False,0.6404334999997445,0.6400943000007828,end_turn
scholarship-paraphrase,doc-7d8b601a9f9e,head,none,False,0.6202554000001328,0.6198811999993268,end_turn
scholarship-hard,doc-7d8b601a9f9e,head,none,False,0.7413288000007014,0.7410049999998591,end_turn
lab-first,doc-cdc49e40dd85,head,none,False,0.8664870000002338,0.8661543999996866,end_turn
lab-repeat,doc-cdc49e40dd85,head,none,False,1.0814887999995335,1.081153500000255,end_turn
lab-paraphrase,doc-cdc49e40dd85,head,none,False,0.6433193999992,0.6429821000001539,end_turn
lab-hard,doc-cdc49e40dd85,head,none,False,0.8493103000000701,0.8488580000002912,end_turn
gpu-first,doc-23a0ad4cb0d2,head,none,False,0.8903646999997363,0.8898702999995294,end_turn
gpu-repeat,doc-23a0ad4cb0d2,head,none,False,1.0296410000000833,1.0293503000002602,end_turn
gpu-paraphrase,doc-23a0ad4cb0d2,head,none,False,0.9807854000000589,0.9804941000002145,end_turn
gpu-hard,doc-23a0ad4cb0d2,head,none,False,0.9845795999999609,0.9842579000005571,end_turn
bus-first,doc-72e296e8ac9f,head,none,False,0.7824399999999514,0.7821032000001651,end_turn
bus-repeat,doc-72e296e8ac9f,head,none,False,0.8338764999998602,0.8335631999998441,end_turn
bus-paraphrase,doc-72e296e8ac9f,head,none,False,0.7210392999995747,0.7207612000001973,end_turn
bus-hard,doc-72e296e8ac9f,head,none,False,0.8149923999999373,0.8147088000005169,end_turn
exam-first,doc-a15ac87842af,head,none,False,0.7581675999999788,0.7578681999993933,end_turn
exam-repeat,doc-a15ac87842af,head,none,False,1.0651345000005676,1.0648388999998133,end_turn
exam-paraphrase,doc-a15ac87842af,head,none,False,0.8218677000004391,0.8215313999999125,end_turn
exam-hard,doc-a15ac87842af,head,none,False,1.1019562999999835,1.1016577000000325,end_turn
storage-first,doc-2ce88964ff5e,head,none,False,0.6515281000001778,0.651202199999716,end_turn
storage-repeat,doc-2ce88964ff5e,head,none,False,1.3324431999999433,1.3321215000005395,end_turn
storage-paraphrase,doc-2ce88964ff5e,head,none,False,1.0395779000000402,1.039295999999922,end_turn
storage-hard,doc-2ce88964ff5e,head,none,False,0.8236249000001408,0.8233024999999543,end_turn
meeting-first,doc-48249e565804,head,none,False,0.7489278000002741,0.7486431999996057,end_turn
meeting-repeat,doc-48249e565804,head,none,False,0.7248235000006389,0.7244786999999633,end_turn
meeting-paraphrase,doc-48249e565804,head,none,False,0.7645658000001276,0.7642774999994799,end_turn
meeting-hard,doc-48249e565804,head,none,False,0.8051993999997649,0.8049180999996679,end_turn
library-updated,doc-60cccaec2746,head,none,False,1.1296152999993865,1.129302899999857,end_turn
multihop,doc-36b725ecdead,head,none,False,0.9927335000002131,0.9924987999993391,end_turn
lab_booking-first,doc-eb8e54e42572,head,none,False,1.7705581999998685,1.770263000000341,max_tokens
lab_booking-repeat,doc-eb8e54e42572,head,none,False,1.2154662000002645,1.215128800000457,end_turn
lab_booking-paraphrase,doc-eb8e54e42572,head,none,False,1.1178100999995877,1.1175239000003785,end_turn
lab_booking-hard,doc-eb8e54e42572,head,none,False,1.010212500000307,1.0098896999998033,end_turn
scholarship_rules-first,doc-37be5b922c6e,head,none,False,0.9133528000002116,0.9130439999998998,end_turn
scholarship_rules-repeat,doc-37be5b922c6e,head,none,False,0.9231443999997282,0.9228266000000076,end_turn
scholarship_rules-paraphrase,doc-37be5b922c6e,head,none,False,0.7463088999993488,0.7459711999999854,end_turn
scholarship_rules-hard,doc-37be5b922c6e,head,none,False,0.8387493000000177,0.838407800000823,end_turn
data_storage-first,doc-447b8429c1a7,head,none,False,0.8638934000000518,0.8635997000001225,end_turn
data_storage-repeat,doc-447b8429c1a7,head,none,False,1.0361485000003086,1.0357364000001326,end_turn
data_storage-paraphrase,doc-447b8429c1a7,head,none,False,0.9104276999996728,0.9101480999997875,end_turn
data_storage-hard,doc-447b8429c1a7,head,none,False,0.5549000999999407,0.554572800000642,end_turn
campus_shuttle-first,doc-f5376581cbb6,head,none,False,1.5768696999994063,1.5765111000000616,end_turn
campus_shuttle-repeat,doc-f5376581cbb6,head,none,False,1.0513395999996646,1.0510481000001164,end_turn
campus_shuttle-paraphrase,doc-f5376581cbb6,head,none,False,0.7891182999992452,0.78884620000008,end_turn
campus_shuttle-hard,doc-f5376581cbb6,head,none,False,1.8695872999996936,1.8693167999999787,end_turn
library_loans-first,doc-9956ff3ce6a7,head,none,False,0.6141917000004469,0.6139173000001392,end_turn
library_loans-repeat,doc-9956ff3ce6a7,head,none,False,0.7758868000000803,0.7756041000002369,end_turn
library_loans-paraphrase,doc-9956ff3ce6a7,head,none,False,0.7485558999997011,0.7482455000008486,end_turn
library_loans-hard,doc-9956ff3ce6a7,head,none,False,0.7405684999994264,0.7402969000004305,end_turn
exam_policy-first,doc-690bc59a69e8,head,none,False,0.8252837999998519,0.8249908999996478,end_turn
exam_policy-repeat,doc-690bc59a69e8,head,none,False,0.9447706999999355,0.9444804000004297,end_turn
exam_policy-paraphrase,doc-690bc59a69e8,head,none,False,1.0624029999999038,1.0620967000004384,end_turn
exam_policy-hard,doc-690bc59a69e8,head,none,False,1.027572400000281,1.0272673999998005,end_turn
travel_reimbursement-first,doc-cedefe620388,head,none,False,0.677697399999488,0.6772178000001077,end_turn
travel_reimbursement-repeat,doc-cedefe620388,head,none,False,0.8324637000005168,0.8321158999997351,end_turn
travel_reimbursement-paraphrase,doc-cedefe620388,head,none,False,0.8359058000005462,0.8356228000002375,end_turn
travel_reimbursement-hard,doc-cedefe620388,head,none,False,0.9457228000001123,0.9454308000003948,end_turn
lab_safety-first,doc-d275d75353ff,head,none,False,1.0828401999997368,1.08255089999966,end_turn
lab_safety-repeat,doc-d275d75353ff,head,none,False,0.7696566000004168,0.7693687999999383,end_turn
lab_safety-paraphrase,doc-d275d75353ff,head,none,False,0.8126007000000754,0.812290199999552,end_turn
lab_safety-hard,doc-d275d75353ff,head,none,False,0.6795376999998552,0.6792543999999907,end_turn
campus_clinic-first,doc-cc1a94bcbb79,head,none,False,1.2018427000002703,1.2015566000000035,end_turn
campus_clinic-repeat,doc-cc1a94bcbb79,head,none,False,1.154268299999785,1.1539845000006608,end_turn
campus_clinic-paraphrase,doc-cc1a94bcbb79,head,none,False,0.7849229000003106,0.7846482000004471,end_turn
campus_clinic-hard,doc-cc1a94bcbb79,head,none,False,0.9231785000001764,0.9228762000002462,end_turn
conference_support-first,doc-1bc78ec965c4,head,none,False,0.7493324999995821,0.7490285000003496,end_turn
conference_support-repeat,doc-1bc78ec965c4,head,none,False,0.9281989000000976,0.927903800000422,end_turn
conference_support-paraphrase,doc-1bc78ec965c4,head,none,False,0.8406525000000329,0.8403072000000975,end_turn
conference_support-hard,doc-1bc78ec965c4,head,none,False,0.6796847999994498,0.6793707999995604,end_turn
library-first,doc-9dac46f9b8c8,bm25,none,False,0.8080934999998135,0.8077198999999382,end_turn
library-repeat,doc-9dac46f9b8c8,bm25,none,False,0.623648000000685,0.6232774999998583,end_turn
library-paraphrase,doc-9dac46f9b8c8,bm25,none,False,0.9768280999996932,0.9765251999997417,end_turn
library-hard,doc-9dac46f9b8c8,bm25,none,False,0.8693807999998171,0.8690176000000065,end_turn
scholarship-first,doc-7d8b601a9f9e,bm25,none,False,0.9365716000002067,0.9361958999998024,end_turn
scholarship-repeat,doc-7d8b601a9f9e,bm25,none,False,0.575354900000093,0.5749753000000055,end_turn
scholarship-paraphrase,doc-7d8b601a9f9e,bm25,none,False,0.692584700000225,0.6922743999994054,end_turn
scholarship-hard,doc-7d8b601a9f9e,bm25,none,False,0.7606859999996232,0.7602805000005901,end_turn
lab-first,doc-cdc49e40dd85,bm25,none,False,0.843670000000202,0.8433328000000984,end_turn
lab-repeat,doc-cdc49e40dd85,bm25,none,False,0.6639781000003495,0.6636414999993576,end_turn
lab-paraphrase,doc-cdc49e40dd85,bm25,none,False,0.7449300999996922,0.7445637000000715,end_turn
lab-hard,doc-cdc49e40dd85,bm25,none,False,0.5887916000001496,0.5883919999996579,end_turn
gpu-first,doc-23a0ad4cb0d2,bm25,none,False,0.6696013999999195,0.6693011000006663,end_turn
gpu-repeat,doc-23a0ad4cb0d2,bm25,none,False,0.7910522000001947,0.7907533999996303,end_turn
gpu-paraphrase,doc-23a0ad4cb0d2,bm25,none,False,0.8993805999998585,0.8990655999996306,end_turn
gpu-hard,doc-23a0ad4cb0d2,bm25,none,False,0.5692457000004651,0.5688900999994075,end_turn
bus-first,doc-72e296e8ac9f,bm25,none,False,0.7277021999998396,0.7272271000001638,end_turn
bus-repeat,doc-72e296e8ac9f,bm25,none,False,0.6867376000000149,0.6864471999997477,end_turn
bus-paraphrase,doc-72e296e8ac9f,bm25,none,False,0.5578338000004806,0.5575527999999395,end_turn
bus-hard,doc-72e296e8ac9f,bm25,none,False,0.7416141000003336,0.7413076999991972,end_turn
exam-first,doc-a15ac87842af,bm25,none,False,1.0145127999994656,1.0141570999994656,end_turn
exam-repeat,doc-a15ac87842af,bm25,none,False,0.9937903000000006,0.9934364000000642,end_turn
exam-paraphrase,doc-a15ac87842af,bm25,none,False,1.042056600000251,1.0417022000001452,end_turn
exam-hard,doc-a15ac87842af,bm25,none,False,1.131353499999932,1.1310512999998537,end_turn
storage-first,doc-2ce88964ff5e,bm25,none,False,0.7300535000003947,0.7297151000002486,end_turn
storage-repeat,doc-2ce88964ff5e,bm25,none,False,0.5449414999993678,0.5445989999998346,end_turn
storage-paraphrase,doc-2ce88964ff5e,bm25,none,False,0.8453839000003427,0.8450513999996474,end_turn
storage-hard,doc-2ce88964ff5e,bm25,none,False,0.7799556999998458,0.779651400000148,end_turn
meeting-first,doc-48249e565804,bm25,none,False,1.5527130000000398,1.5524253000003227,end_turn
meeting-repeat,doc-48249e565804,bm25,none,False,0.8411867999993774,0.8408898999996381,end_turn
meeting-paraphrase,doc-48249e565804,bm25,none,False,0.8565051000005042,0.8562253000000055,end_turn
meeting-hard,doc-48249e565804,bm25,none,False,0.5548049999997602,0.5545020000008662,end_turn
library-updated,doc-60cccaec2746,bm25,none,False,0.7131008999995174,0.712800100000095,end_turn
multihop,doc-36b725ecdead,bm25,none,False,0.9640359999993962,0.9637968000006367,end_turn
lab_booking-first,doc-eb8e54e42572,bm25,none,False,0.7812806000001729,0.7809443999994983,end_turn
lab_booking-repeat,doc-eb8e54e42572,bm25,none,False,0.8705288000001019,0.8702015000008032,end_turn
lab_booking-paraphrase,doc-eb8e54e42572,bm25,none,False,0.8668158999998923,0.8665303999996468,end_turn
lab_booking-hard,doc-eb8e54e42572,bm25,none,False,0.9568945000000895,0.9565750000001572,end_turn
scholarship_rules-first,doc-37be5b922c6e,bm25,none,False,0.8563304999997854,0.8559617000000799,end_turn
scholarship_rules-repeat,doc-37be5b922c6e,bm25,none,False,1.0106359999999768,1.0102592000002915,end_turn
scholarship_rules-paraphrase,doc-37be5b922c6e,bm25,none,False,0.7634772999999768,0.7631811999999627,end_turn
scholarship_rules-hard,doc-37be5b922c6e,bm25,none,False,0.5827730999999403,0.5824515000003885,end_turn
data_storage-first,doc-447b8429c1a7,bm25,none,False,0.8698414999998931,0.8695596000006844,end_turn
data_storage-repeat,doc-447b8429c1a7,bm25,none,False,0.7861689000001206,0.7859029000001101,end_turn
data_storage-paraphrase,doc-447b8429c1a7,bm25,none,False,1.7809910000005402,1.7807192999998733,end_turn
data_storage-hard,doc-447b8429c1a7,bm25,none,False,0.9601159999992888,0.9598052999999709,end_turn
campus_shuttle-first,doc-f5376581cbb6,bm25,none,False,1.862608800000089,1.8622944999997344,max_tokens
campus_shuttle-repeat,doc-f5376581cbb6,bm25,none,False,1.7606746999999814,1.7603946999997788,max_tokens
campus_shuttle-paraphrase,doc-f5376581cbb6,bm25,none,False,0.7905758999995669,0.7902888999997231,end_turn
campus_shuttle-hard,doc-f5376581cbb6,bm25,none,False,1.8593658999998297,1.8590455000003203,max_tokens
library_loans-first,doc-9956ff3ce6a7,bm25,none,False,0.7257666000004974,0.7254886000000624,end_turn
library_loans-repeat,doc-9956ff3ce6a7,bm25,none,False,0.9185311999999612,0.9181922999996459,end_turn
library_loans-paraphrase,doc-9956ff3ce6a7,bm25,none,False,0.681964400000652,0.681655999999748,end_turn
library_loans-hard,doc-9956ff3ce6a7,bm25,none,False,0.8508410000004005,0.8505688000004739,end_turn
exam_policy-first,doc-690bc59a69e8,bm25,none,False,0.8166096000004472,0.8162821999994776,end_turn
exam_policy-repeat,doc-690bc59a69e8,bm25,none,False,1.2561475000002247,1.2558606000002328,end_turn
exam_policy-paraphrase,doc-690bc59a69e8,bm25,none,False,1.1956579999996393,1.1953110999993442,end_turn
exam_policy-hard,doc-690bc59a69e8,bm25,none,False,0.8107719999998153,0.8104741999995895,end_turn
travel_reimbursement-first,doc-cedefe620388,bm25,none,False,0.8694158999996944,0.8691177999999127,end_turn
travel_reimbursement-repeat,doc-cedefe620388,bm25,none,False,0.7599462000007406,0.7596457999998165,end_turn
travel_reimbursement-paraphrase,doc-cedefe620388,bm25,none,False,0.7562746000003244,0.7559344999999666,end_turn
travel_reimbursement-hard,doc-cedefe620388,bm25,none,False,0.8351337000003696,0.8348111999994217,end_turn
lab_safety-first,doc-d275d75353ff,bm25,none,False,1.1512769999999364,1.1509746000001542,end_turn
lab_safety-repeat,doc-d275d75353ff,bm25,none,False,0.6699261999992814,0.6696453000004112,end_turn
lab_safety-paraphrase,doc-d275d75353ff,bm25,none,False,0.8424909000004845,0.842210900000282,end_turn
lab_safety-hard,doc-d275d75353ff,bm25,none,False,0.9618927000001349,0.9615798000004361,end_turn
campus_clinic-first,doc-cc1a94bcbb79,bm25,none,False,1.3313090999999986,1.3310334999996485,end_turn
campus_clinic-repeat,doc-cc1a94bcbb79,bm25,none,False,1.1636487000005218,1.1633646999998746,end_turn
campus_clinic-paraphrase,doc-cc1a94bcbb79,bm25,none,False,0.9459196999996493,0.9455921999997372,end_turn
campus_clinic-hard,doc-cc1a94bcbb79,bm25,none,False,0.4999939999997878,0.49971800000002986,end_turn
conference_support-first,doc-1bc78ec965c4,bm25,none,False,0.7752484000002369,0.7749370000001363,end_turn
conference_support-repeat,doc-1bc78ec965c4,bm25,none,False,0.7651979000002029,0.7648789999993824,end_turn
conference_support-paraphrase,doc-1bc78ec965c4,bm25,none,False,0.902823399999761,0.9024972000006528,end_turn
conference_support-hard,doc-1bc78ec965c4,bm25,none,False,0.5997262999999293,0.5993951000000379,end_turn
library-first,doc-9dac46f9b8c8,full,exact,False,0.8362571999996362,0.8361641999999847,end_turn
library-repeat,doc-9dac46f9b8c8,full,exact,True,2.700000004551839e-05,0,cache
library-paraphrase,doc-9dac46f9b8c8,full,exact,False,0.862410999999156,0.8623284000004787,end_turn
library-hard,doc-9dac46f9b8c8,full,exact,False,0.8136698999996952,0.8135758999997051,end_turn
scholarship-first,doc-7d8b601a9f9e,full,exact,False,0.9107390999997733,0.9106438000007984,end_turn
scholarship-repeat,doc-7d8b601a9f9e,full,exact,True,3.0500000320898835e-05,0,cache
scholarship-paraphrase,doc-7d8b601a9f9e,full,exact,False,1.0539162999994005,1.0538251999996646,end_turn
scholarship-hard,doc-7d8b601a9f9e,full,exact,False,1.2137790000006135,1.2136732999997548,end_turn
lab-first,doc-cdc49e40dd85,full,exact,False,0.7468830000007074,0.7467881000002308,end_turn
lab-repeat,doc-cdc49e40dd85,full,exact,True,2.6700000489654485e-05,0,cache
lab-paraphrase,doc-cdc49e40dd85,full,exact,False,0.9987221000001227,0.9986394999996264,end_turn
lab-hard,doc-cdc49e40dd85,full,exact,False,0.7592881999999008,0.7591825999998036,end_turn
gpu-first,doc-23a0ad4cb0d2,full,exact,False,0.9124087999998665,0.9123045000005732,end_turn
gpu-repeat,doc-23a0ad4cb0d2,full,exact,True,2.6499999876250513e-05,0,cache
gpu-paraphrase,doc-23a0ad4cb0d2,full,exact,False,0.7025490999994872,0.7024672999996255,end_turn
gpu-hard,doc-23a0ad4cb0d2,full,exact,False,0.8504888999996183,0.8503944000003685,end_turn
bus-first,doc-72e296e8ac9f,full,exact,False,0.565346700000191,0.5652380000001358,end_turn
bus-repeat,doc-72e296e8ac9f,full,exact,True,3.7399999200715683e-05,0,cache
bus-paraphrase,doc-72e296e8ac9f,full,exact,False,0.9152979000000414,0.9151947000000291,end_turn
bus-hard,doc-72e296e8ac9f,full,exact,False,0.4948259999991933,0.49473000000034517,end_turn
exam-first,doc-a15ac87842af,full,exact,False,0.8244013000003179,0.8242995000000519,end_turn
exam-repeat,doc-a15ac87842af,full,exact,True,2.5899999855028e-05,0,cache
exam-paraphrase,doc-a15ac87842af,full,exact,False,0.7797083999994356,0.7796249000002717,end_turn
exam-hard,doc-a15ac87842af,full,exact,False,0.9483895000003031,0.9482727999993585,end_turn
storage-first,doc-2ce88964ff5e,full,exact,False,0.6718233999999939,0.6717185999996218,end_turn
storage-repeat,doc-2ce88964ff5e,full,exact,True,2.5899999855028e-05,0,cache
storage-paraphrase,doc-2ce88964ff5e,full,exact,False,0.6480111000000761,0.6479245000000446,end_turn
storage-hard,doc-2ce88964ff5e,full,exact,False,0.7306656000000658,0.7305504000005385,end_turn
meeting-first,doc-48249e565804,full,exact,False,0.553999699999622,0.5539026000005833,end_turn
meeting-repeat,doc-48249e565804,full,exact,True,2.6400000024295878e-05,0,cache
meeting-paraphrase,doc-48249e565804,full,exact,False,0.5518065999995088,0.5517214999999851,end_turn
meeting-hard,doc-48249e565804,full,exact,False,0.869946599999821,0.8698419000002104,end_turn
library-updated,doc-60cccaec2746,full,exact,False,0.6373952000003555,0.6372964000001957,end_turn
multihop,doc-36b725ecdead,full,exact,False,0.7731746999997995,0.7730743000001894,end_turn
lab_booking-first,doc-eb8e54e42572,full,exact,False,1.0078656999994564,1.0077694999999949,end_turn
lab_booking-repeat,doc-eb8e54e42572,full,exact,True,3.0100000003585592e-05,0,cache
lab_booking-paraphrase,doc-eb8e54e42572,full,exact,False,0.6247429999993983,0.6246501000005082,end_turn
lab_booking-hard,doc-eb8e54e42572,full,exact,False,0.5952150000002803,0.5951132999998663,end_turn
scholarship_rules-first,doc-37be5b922c6e,full,exact,False,0.8386625000002823,0.8385695999995733,end_turn
scholarship_rules-repeat,doc-37be5b922c6e,full,exact,True,2.6300000172341242e-05,0,cache
scholarship_rules-paraphrase,doc-37be5b922c6e,full,exact,False,0.9345192999999199,0.9344349000002694,end_turn
scholarship_rules-hard,doc-37be5b922c6e,full,exact,False,0.7271904999997787,0.7270862999994279,end_turn
data_storage-first,doc-447b8429c1a7,full,exact,False,0.6575320000001739,0.657426900000246,end_turn
data_storage-repeat,doc-447b8429c1a7,full,exact,True,2.9200000426499173e-05,0,cache
data_storage-paraphrase,doc-447b8429c1a7,full,exact,False,0.8635334999999031,0.8634412999999768,end_turn
data_storage-hard,doc-447b8429c1a7,full,exact,False,0.5783374000002368,0.5782340000005206,end_turn
campus_shuttle-first,doc-f5376581cbb6,full,exact,False,1.9112876999997752,1.9111810999993395,max_tokens
campus_shuttle-repeat,doc-f5376581cbb6,full,exact,True,3.099999958067201e-05,0,cache
campus_shuttle-paraphrase,doc-f5376581cbb6,full,exact,False,0.7257159000000684,0.7256230000002688,end_turn
campus_shuttle-hard,doc-f5376581cbb6,full,exact,False,1.8386646999997538,1.83854539999993,max_tokens
library_loans-first,doc-9956ff3ce6a7,full,exact,False,1.0292017000001579,1.029098900000463,end_turn
library_loans-repeat,doc-9956ff3ce6a7,full,exact,True,2.809999932651408e-05,0,cache
library_loans-paraphrase,doc-9956ff3ce6a7,full,exact,False,1.2934199000001172,1.2933329999996204,end_turn
library_loans-hard,doc-9956ff3ce6a7,full,exact,False,0.6252915000004577,0.6251867000000857,end_turn
exam_policy-first,doc-690bc59a69e8,full,exact,False,0.8034276999997019,0.8033120999998573,end_turn
exam_policy-repeat,doc-690bc59a69e8,full,exact,True,2.6499999876250513e-05,0,cache
exam_policy-paraphrase,doc-690bc59a69e8,full,exact,False,1.1441611999998713,1.1440778999995018,end_turn
exam_policy-hard,doc-690bc59a69e8,full,exact,False,0.8652191000001039,0.865120499999648,end_turn
travel_reimbursement-first,doc-cedefe620388,full,exact,False,0.6967600999996648,0.696635199999946,end_turn
travel_reimbursement-repeat,doc-cedefe620388,full,exact,True,3.0100000003585592e-05,0,cache
travel_reimbursement-paraphrase,doc-cedefe620388,full,exact,False,0.689851400000407,0.6897571999998036,end_turn
travel_reimbursement-hard,doc-cedefe620388,full,exact,False,1.0932376999999178,1.0931354999993346,end_turn
lab_safety-first,doc-d275d75353ff,full,exact,False,0.5891233000002103,0.589017999999669,end_turn
lab_safety-repeat,doc-d275d75353ff,full,exact,True,3.919999926438322e-05,0,cache
lab_safety-paraphrase,doc-d275d75353ff,full,exact,False,0.8360538999995697,0.8359591999997065,end_turn
lab_safety-hard,doc-d275d75353ff,full,exact,False,1.1370303000003332,1.1369321000001946,end_turn
campus_clinic-first,doc-cc1a94bcbb79,full,exact,False,0.8354173000006995,0.8353138000002218,end_turn
campus_clinic-repeat,doc-cc1a94bcbb79,full,exact,True,2.8200000087963417e-05,0,cache
campus_clinic-paraphrase,doc-cc1a94bcbb79,full,exact,False,0.8060011999996277,0.8059166999992158,end_turn
campus_clinic-hard,doc-cc1a94bcbb79,full,exact,False,0.8895755000003192,0.8894706000000951,end_turn
conference_support-first,doc-1bc78ec965c4,full,exact,False,0.8199813000001086,0.8198865000003934,end_turn
conference_support-repeat,doc-1bc78ec965c4,full,exact,True,2.6599999728205148e-05,0,cache
conference_support-paraphrase,doc-1bc78ec965c4,full,exact,False,0.9045912999999928,0.904500999999982,end_turn
conference_support-hard,doc-1bc78ec965c4,full,exact,False,0.7520527999995466,0.7519420999997237,end_turn
library-first,doc-9dac46f9b8c8,bm25,exact,False,0.6169319999999061,0.616620800000419,end_turn
library-repeat,doc-9dac46f9b8c8,bm25,exact,True,2.6400000024295878e-05,0,cache
library-paraphrase,doc-9dac46f9b8c8,bm25,exact,False,0.6707558999996763,0.6704489999992802,end_turn
library-hard,doc-9dac46f9b8c8,bm25,exact,False,0.7135028000002421,0.7131822999999713,end_turn
scholarship-first,doc-7d8b601a9f9e,bm25,exact,False,0.7432936000004702,0.7428811999998288,end_turn
scholarship-repeat,doc-7d8b601a9f9e,bm25,exact,True,2.6499999876250513e-05,0,cache
scholarship-paraphrase,doc-7d8b601a9f9e,bm25,exact,False,0.7632964999993419,0.7629946000006385,end_turn
scholarship-hard,doc-7d8b601a9f9e,bm25,exact,False,0.9506440000004659,0.9502480999999534,end_turn
lab-first,doc-cdc49e40dd85,bm25,exact,False,0.7935525000002599,0.7931466,end_turn
lab-repeat,doc-cdc49e40dd85,bm25,exact,True,2.6199999410891905e-05,0,cache
lab-paraphrase,doc-cdc49e40dd85,bm25,exact,False,0.8968776000001526,0.8965420000004087,end_turn
lab-hard,doc-cdc49e40dd85,bm25,exact,False,1.1828496000007362,1.1825152999999773,end_turn
gpu-first,doc-23a0ad4cb0d2,bm25,exact,False,0.7916273999999248,0.7913201999999728,end_turn
gpu-repeat,doc-23a0ad4cb0d2,bm25,exact,True,3.260000084992498e-05,0,cache
gpu-paraphrase,doc-23a0ad4cb0d2,bm25,exact,False,0.6745037999999113,0.6742088999999396,end_turn
gpu-hard,doc-23a0ad4cb0d2,bm25,exact,False,0.8684905999998591,0.8681930999991891,end_turn
bus-first,doc-72e296e8ac9f,bm25,exact,False,0.9786562999997841,0.9783592000003409,end_turn
bus-repeat,doc-72e296e8ac9f,bm25,exact,True,2.5800000003073364e-05,0,cache
bus-paraphrase,doc-72e296e8ac9f,bm25,exact,False,0.6448037999998633,0.6445315000000846,end_turn
bus-hard,doc-72e296e8ac9f,bm25,exact,False,0.7394297000000734,0.7391345999994883,end_turn
exam-first,doc-a15ac87842af,bm25,exact,False,0.9701544999998077,0.9698465000001306,end_turn
exam-repeat,doc-a15ac87842af,bm25,exact,True,2.679999943211442e-05,0,cache
exam-paraphrase,doc-a15ac87842af,bm25,exact,False,0.9483813999995618,0.9480974999996761,end_turn
exam-hard,doc-a15ac87842af,bm25,exact,False,0.5665334999994229,0.5662006000002293,end_turn
storage-first,doc-2ce88964ff5e,bm25,exact,False,0.7028130000007877,0.7025186999999278,end_turn
storage-repeat,doc-2ce88964ff5e,bm25,exact,True,2.789999962260481e-05,0,cache
storage-paraphrase,doc-2ce88964ff5e,bm25,exact,False,0.9027102000000014,0.9024171999999453,end_turn
storage-hard,doc-2ce88964ff5e,bm25,exact,False,0.8230685999997149,0.8227748000008432,end_turn
meeting-first,doc-48249e565804,bm25,exact,False,0.6009171000005153,0.6006090000000768,end_turn
meeting-repeat,doc-48249e565804,bm25,exact,True,2.6499999876250513e-05,0,cache
meeting-paraphrase,doc-48249e565804,bm25,exact,False,0.5127551999994466,0.5124842000004719,end_turn
meeting-hard,doc-48249e565804,bm25,exact,False,0.7217706000001272,0.7214490999995178,end_turn
library-updated,doc-60cccaec2746,bm25,exact,False,0.7571729999999661,0.7568768000001,end_turn
multihop,doc-36b725ecdead,bm25,exact,False,1.5516595999997662,1.5514173999999912,max_tokens
lab_booking-first,doc-eb8e54e42572,bm25,exact,False,0.7485508999998274,0.7482269999991331,end_turn
lab_booking-repeat,doc-eb8e54e42572,bm25,exact,True,2.6400000024295878e-05,0,cache
lab_booking-paraphrase,doc-eb8e54e42572,bm25,exact,False,0.5411257000005207,0.5408498999995572,end_turn
lab_booking-hard,doc-eb8e54e42572,bm25,exact,False,1.147501899999952,1.1472216000001936,end_turn
scholarship_rules-first,doc-37be5b922c6e,bm25,exact,False,1.0426449999995384,1.0423313999999664,end_turn
scholarship_rules-repeat,doc-37be5b922c6e,bm25,exact,True,2.8500000553322025e-05,0,cache
scholarship_rules-paraphrase,doc-37be5b922c6e,bm25,exact,False,0.6892658999995547,0.6889804000002187,end_turn
scholarship_rules-hard,doc-37be5b922c6e,bm25,exact,False,0.7289879999998448,0.7286757000001671,end_turn
data_storage-first,doc-447b8429c1a7,bm25,exact,False,0.7425002999998469,0.7421660999998494,end_turn
data_storage-repeat,doc-447b8429c1a7,bm25,exact,True,3.550000019458821e-05,0,cache
data_storage-paraphrase,doc-447b8429c1a7,bm25,exact,False,1.4233878999993976,1.4230741000001217,max_tokens
data_storage-hard,doc-447b8429c1a7,bm25,exact,False,0.7168139000004885,0.716531600000053,end_turn
campus_shuttle-first,doc-f5376581cbb6,bm25,exact,False,1.6145188999998936,1.614220500000556,max_tokens
campus_shuttle-repeat,doc-f5376581cbb6,bm25,exact,True,2.7999999474559445e-05,0,cache
campus_shuttle-paraphrase,doc-f5376581cbb6,bm25,exact,False,0.6830939999999828,0.6828292000000147,end_turn
campus_shuttle-hard,doc-f5376581cbb6,bm25,exact,False,1.5573045000001002,1.5570322000003216,max_tokens
library_loans-first,doc-9956ff3ce6a7,bm25,exact,False,0.8229594000003999,0.822685599999204,end_turn
library_loans-repeat,doc-9956ff3ce6a7,bm25,exact,True,3.2500000088475645e-05,0,cache
library_loans-paraphrase,doc-9956ff3ce6a7,bm25,exact,False,1.1620198000000528,1.1617100999992545,end_turn
library_loans-hard,doc-9956ff3ce6a7,bm25,exact,False,0.8065374000007068,0.8062197000008382,end_turn
exam_policy-first,doc-690bc59a69e8,bm25,exact,False,0.9890273999999408,0.9887211999994179,end_turn
exam_policy-repeat,doc-690bc59a69e8,bm25,exact,True,3.710000055434648e-05,0,cache
exam_policy-paraphrase,doc-690bc59a69e8,bm25,exact,False,1.4522359000002325,1.4519038999997065,end_turn
exam_policy-hard,doc-690bc59a69e8,bm25,exact,False,0.44952350000039587,0.44923800000015035,end_turn
travel_reimbursement-first,doc-cedefe620388,bm25,exact,False,0.7342140999999174,0.7339304999995875,end_turn
travel_reimbursement-repeat,doc-cedefe620388,bm25,exact,True,2.6599999728205148e-05,0,cache
travel_reimbursement-paraphrase,doc-cedefe620388,bm25,exact,False,0.5672740999998496,0.5670079000001351,end_turn
travel_reimbursement-hard,doc-cedefe620388,bm25,exact,False,1.1210871000002953,1.1208120999999664,end_turn
lab_safety-first,doc-d275d75353ff,bm25,exact,False,0.8556685999992624,0.8553464000005988,end_turn
lab_safety-repeat,doc-d275d75353ff,bm25,exact,True,3.1099999432626646e-05,0,cache
lab_safety-paraphrase,doc-d275d75353ff,bm25,exact,False,0.6577683999994406,0.6574730000002091,end_turn
lab_safety-hard,doc-d275d75353ff,bm25,exact,False,0.8312520999998014,0.8309451999994053,end_turn
campus_clinic-first,doc-cc1a94bcbb79,bm25,exact,False,1.6172887000002447,1.6170170000004873,end_turn
campus_clinic-repeat,doc-cc1a94bcbb79,bm25,exact,True,3.100000049016671e-05,0,cache
campus_clinic-paraphrase,doc-cc1a94bcbb79,bm25,exact,False,0.688648700000158,0.688351199999488,end_turn
campus_clinic-hard,doc-cc1a94bcbb79,bm25,exact,False,0.6130625000005239,0.612751699999535,end_turn
conference_support-first,doc-1bc78ec965c4,bm25,exact,False,0.5465502999995806,0.5461930000001303,end_turn
conference_support-repeat,doc-1bc78ec965c4,bm25,exact,True,2.8100000236008782e-05,0,cache
conference_support-paraphrase,doc-1bc78ec965c4,bm25,exact,False,0.8194261999997252,0.8191592000002856,end_turn
conference_support-hard,doc-1bc78ec965c4,bm25,exact,False,0.8953611000006276,0.8950328999999329,end_turn
